{"stats":{"minecraft:mined":{"minecraft:iron_ore":16,"minecraft:crafting_table":1,"minecraft:granite":4,"minecraft:short_grass":143,"minecraft:acacia_log":5,"minecraft:grass_block":8,"minecraft:coal_ore":30,"minecraft:pointed_dripstone":1,"minecraft:oak_log":5,"minecraft:copper_ore":2,"minecraft:tall_grass":5,"minecraft:cobblestone":13,"minecraft:stone":67,"minecraft:oak_leaves":4},"minecraft:killed_by":{"minecraft:skeleton":3,"minecraft:creeper":1},"minecraft:used":{"minecraft:cooked_mutton":2,"minecraft:stone_sword":39,"minecraft:stone_pickaxe":116,"minecraft:chest":1,"minecraft:wooden_pickaxe":27,"minecraft:stone":5,"minecraft:torch":5,"minecraft:dirt":8,"minecraft:cobblestone":101,"minecraft:crafting_table":3,"minecraft:furnace":2,"minecraft:cooked_porkchop":3,"minecraft:white_bed":1,"minecraft:egg":1,"minecraft:pointed_dripstone":4},"minecraft:custom":{"minecraft:time_since_rest":569,"minecraft:interact_with_furnace":20,"minecraft:sprint_one_cm":101138,"minecraft:damage_taken":1398,"minecraft:walk_one_cm":72538,"minecraft:mob_kills":13,"minecraft:damage_dealt":1574,"minecraft:play_time":103558,"minecraft:interact_with_crafting_table":24,"minecraft:fly_one_cm":292728,"minecraft:open_chest":20,"minecraft:crouch_one_cm":1717,"minecraft:deaths":5,"minecraft:sneak_time":1350,"minecraft:jump":563,"minecraft:leave_game":4,"minecraft:time_since_death":54369,"minecraft:walk_on_water_one_cm":75,"minecraft:sleep_in_bed":5,"minecraft:total_world_time":103558,"minecraft:fall_one_cm":25949},"minecraft:crafted":{"minecraft:oak_planks":20,"minecraft:cooked_porkchop":11,"minecraft:shield":1,"minecraft:crafting_table":1,"minecraft:stick":12,"minecraft:wooden_pickaxe":1,"minecraft:iron_ingot":13,"minecraft:stone_pickaxe":1,"minecraft:stone_sword":1,"minecraft:chest":1,"minecraft:furnace":1,"minecraft:white_bed":1,"minecraft:acacia_planks":20,"minecraft:air":0,"minecraft:cooked_mutton":9},"minecraft:picked_up":{"minecraft:crafting_table":4,"minecraft:stick":21,"minecraft:raw_iron":47,"minecraft:cooked_porkchop":24,"minecraft:brown_wool":1,"minecraft:torch":1,"minecraft:acacia_log":5,"minecraft:porkchop":11,"minecraft:oak_log":17,"minecraft:pointed_dripstone":3,"minecraft:dirt":8,"minecraft:raw_copper":18,"minecraft:stone_sword":3,"minecraft:rotten_flesh":1,"minecraft:wheat_seeds":10,"minecraft:cobbled_deepslate":6,"minecraft:granite":12,"minecraft:stone_pickaxe":3,"minecraft:mutton":9,"minecraft:coal":95,"minecraft:white_wool":5,"minecraft:cobblestone":176,"minecraft:egg":1},"minecraft:killed":{"minecraft:sheep":6,"minecraft:zombie":1,"minecraft:pig":5}},"DataVersion":3953}