{"stats":{"minecraft:mined":{"minecraft:podzol":2,"minecraft:grass_block":3,"minecraft:spruce_leaves":5,"minecraft:spruce_log":4,"minecraft:dirt":5},"minecraft:used":{"minecraft:dirt":10},"minecraft:custom":{"minecraft:jump":28,"minecraft:time_since_rest":2846,"minecraft:damage_dealt":64,"minecraft:leave_game":3,"minecraft:play_time":5273,"minecraft:crouch_one_cm":215,"minecraft:time_since_death":2819,"minecraft:walk_one_cm":5289,"minecraft:deaths":1,"minecraft:sneak_time":112,"minecraft:total_world_time":5273,"minecraft:fall_one_cm":209,"minecraft:fly_one_cm":61461},"minecraft:picked_up":{"minecraft:spruce_log":4,"minecraft:dirt":10}},"DataVersion":3953}