{"stats":{"minecraft:crafted":{"minecraft:oak_planks":20,"minecraft:cooked_porkchop":11,"minecraft:shield":1,"minecraft:crafting_table":1,"minecraft:stick":12,"minecraft:wooden_pickaxe":1,"minecraft:iron_ingot":13,"minecraft:stone_pickaxe":1,"minecraft:stone_sword":1,"minecraft:chest":1,"minecraft:furnace":1,"minecraft:white_bed":1,"minecraft:acacia_planks":20,"minecraft:air":0,"minecraft:cooked_mutton":9},"minecraft:picked_up":{"minecraft:crafting_table":4,"minecraft:stick":21,"minecraft:raw_iron":47,"minecraft:cooked_porkchop":24,"minecraft:brown_wool":1,"minecraft:torch":1,"minecraft:acacia_log":5,"minecraft:porkchop":11,"minecraft:oak_log":17,"minecraft:pointed_dripstone":3,"minecraft:dirt":8,"minecraft:raw_copper":18,"minecraft:stone_sword":3,"minecraft:rotten_flesh":1,"minecraft:wheat_seeds":10,"minecraft:cobbled_deepslate":6,"minecraft:granite":12,"minecraft:stone_pickaxe":3,"minecraft:mutton":9,"minecraft:coal":95,"minecraft:white_wool":5,"minecraft:cobblestone":178,"minecraft:egg":1},"minecraft:custom":{"minecraft:time_since_rest":5983,"minecraft:interact_with_furnace":22,"minecraft:sprint_one_cm":101138,"minecraft:damage_taken":1398,"minecraft:walk_one_cm":76330,"minecraft:mob_kills":13,"minecraft:damage_dealt":1574,"minecraft:play_time":108972,"minecraft:interact_with_crafting_table":25,"minecraft:fly_one_cm":292754,"minecraft:open_chest":23,"minecraft:crouch_one_cm":1717,"minecraft:deaths":5,"minecraft:sneak_time":1350,"minecraft:jump":568,"minecraft:leave_game":7,"minecraft:time_since_death":59783,"minecraft:walk_on_water_one_cm":75,"minecraft:sleep_in_bed":5,"minecraft:total_world_time":108972,"minecraft:fall_one_cm":25949},"minecraft:mined":{"minecraft:iron_ore":16,"minecraft:crafting_table":1,"minecraft:granite":4,"minecraft:short_grass":143,"minecraft:acacia_log":5,"minecraft:coal_ore":30,"minecraft:grass_block":8,"minecraft:pointed_dripstone":1,"minecraft:oak_log":5,"minecraft:copper_ore":2,"minecraft:tall_grass":5,"minecraft:cobblestone":15,"minecraft:stone":67,"minecraft:oak_leaves":4},"minecraft:killed":{"minecraft:sheep":6,"minecraft:zombie":1,"minecraft:pig":5},"minecraft:used":{"minecraft:cooked_mutton":2,"minecraft:stone_sword":39,"minecraft:stone_pickaxe":118,"minecraft:chest":1,"minecraft:wooden_pickaxe":27,"minecraft:stone":5,"minecraft:torch":5,"minecraft:dirt":8,"minecraft:cobblestone":103,"minecraft:crafting_table":3,"minecraft:furnace":2,"minecraft:cooked_porkchop":3,"minecraft:white_bed":1,"minecraft:egg":1,"minecraft:pointed_dripstone":4},"minecraft:killed_by":{"minecraft:skeleton":3,"minecraft:creeper":1}},"DataVersion":3953}